Title,Links,Distributor,Opening,Budget,Release Date,MPAA,Running Time,Genres,In Release,Widest Release,Director,Domestic,International,Worldwide
Spider-Man: No Way Home,/release/rl2869659137/?ref_=bo_yld_table_1,Sony Pictures Releasing,"$260,138,569",-,"Dec 17, 2021
            -
            Jun 30, 2022",PG-13,2 hr 28 min,"['Action', 'Adventure', 'Fantasy', 'Sci-Fi']",380 days/54 weeks,"4,336 theaters","Jon Watts

","
$804,793,477
","
$1,106,189,293
","
$1,910,982,770
"
Shang-Chi and the Legend of the Ten Rings,/release/rl3490022913/?ref_=bo_yld_table_2,Walt Disney Studios Motion Pictures,"$75,388,688",-,"Sep 3, 2021",PG-13,2 hr 12 min,"['Action', 'Adventure', 'Fantasy', 'Sci-Fi']",126 days/18 weeks,"4,300 theaters","Destin Daniel Cretton

","
$224,543,292
","
$207,700,000
","
$432,243,292
"
Venom: Let There Be Carnage,/release/rl1908310529/?ref_=bo_yld_table_3,Sony Pictures Releasing,"$90,033,210",-,"Oct 1, 2021
            -
            Jan 27, 2022",PG-13,1 hr 37 min,"['Action', 'Sci-Fi', 'Thriller']",457 days/65 weeks,"4,225 theaters","Andy Serkis

","
$213,550,366
","
$293,263,498
","
$506,813,864
"
Black Widow,/release/rl2122089985/?ref_=bo_yld_table_4,Walt Disney Studios Motion Pictures,"$80,366,312",-,"Jul 9, 2021",PG-13,2 hr 14 min,"['Action', 'Adventure', 'Sci-Fi']",176 days/25 weeks,"4,275 theaters","Cate Shortland

","
$183,651,655
","
$196,100,000
","
$379,751,655
"
F9: The Fast Saga,/release/rl192906753/?ref_=bo_yld_table_5,Universal Pictures,"$70,043,165",-,"Jun 25, 2021",PG-13,2 hr 23 min,"['Action', 'Crime', 'Thriller']",196 days/28 weeks,"4,203 theaters","Justin Lin

","
$173,005,945
","
$553,223,556
","
$726,229,501
"
Eternals,/release/rl2138867201/?ref_=bo_yld_table_6,Walt Disney Studios Motion Pictures,"$71,297,219",-,"Nov 5, 2021",PG-13,2 hr 36 min,"['Action', 'Adventure', 'Fantasy', 'Sci-Fi']",422 days/60 weeks,"4,090 theaters","Chloé Zhao

","
$164,870,234
","
$237,194,665
","
$402,064,899
"
No Time to Die,/release/rl4077159937/?ref_=bo_yld_table_7,Metro-Goldwyn-Mayer (MGM),"$55,225,007",-,"Oct 8, 2021",PG-13,2 hr 43 min,"['Action', 'Adventure', 'Thriller']",450 days/64 weeks,"4,407 theaters","Cary Joji Fukunaga

","
$160,891,007
","
$613,262,000
","
$774,153,007
"
A Quiet Place Part II,/release/rl2819065345/?ref_=bo_yld_table_8,Paramount Pictures,"$47,547,231",-,"May 28, 2021",PG-13,1 hr 37 min,"['Drama', 'Horror', 'Sci-Fi', 'Thriller']",218 days/31 weeks,"3,744 theaters","John Krasinski

","
$160,072,261
","
$137,300,000
","
$297,372,261
"
Ghostbusters: Afterlife,/release/rl319391233/?ref_=bo_yld_table_9,Sony Pictures Releasing,"$44,008,406",-,"Nov 19, 2021
            -
            Mar 10, 2022",PG-13,2 hr 4 min,"['Adventure', 'Comedy', 'Fantasy', 'Sci-Fi']",408 days/58 weeks,"4,315 theaters","Jason Reitman

","
$129,360,575
","
$74,973,880
","
$204,334,455
"
Free Guy,/release/rl1158252033/?ref_=bo_yld_table_10,20th Century Studios,"$28,365,416",-,"Aug 13, 2021",PG-13,1 hr 55 min,"['Action', 'Adventure', 'Comedy', 'Fantasy', 'Romance', 'Sci-Fi']",147 days/21 weeks,"4,165 theaters","Shawn Levy

","
$121,626,598
","
$209,900,000
","
$331,526,598
"
Jungle Cruise,/release/rl3657795073/?ref_=bo_yld_table_11,Walt Disney Studios Motion Pictures,"$35,018,731",-,"Jul 30, 2021",PG-13,2 hr 7 min,"['Action', 'Adventure', 'Comedy', 'Fantasy']",161 days/23 weeks,"4,310 theaters","Jaume Collet-Serra

","
$116,987,516
","
$103,901,930
","
$220,889,446
"
Godzilla vs. Kong,/release/rl1383892481/?ref_=bo_yld_table_12,Warner Bros.,"$31,625,971",-,"Mar 31, 2021",PG-13,1 hr 53 min,"['Action', 'Sci-Fi', 'Thriller']",282 days/40 weeks,"3,084 theaters","Adam Wingard

","
$100,916,094
","
$369,200,000
","
$470,116,094
"
Dune: Part One,/release/rl3162015233/?ref_=bo_yld_table_13,Warner Bros.,"$41,011,174",-,"Oct 22, 2021
            -
            Apr 7, 2022",PG-13,2 hr 35 min,"['Action', 'Adventure', 'Drama', 'Sci-Fi']",436 days/62 weeks,"4,125 theaters","Denis Villeneuve

","
$108,327,830
","
$293,800,000
","
$402,127,830
"
Halloween Kills,/release/rl319063553/?ref_=bo_yld_table_14,Universal Pictures,"$49,404,980","$20,000,000","Oct 15, 2021",R,1 hr 45 min,"['Action', 'Drama', 'Horror', 'Thriller']",84 days/12 weeks,"3,727 theaters","David Gordon Green

","
$92,002,155
","
$39,645,000
","
$131,647,155
"
Encanto,/release/rl1887208961/?ref_=bo_yld_table_15,Walt Disney Studios Motion Pictures,"$27,206,494",-,"Nov 24, 2021",PG,1 hr 42 min,"['Animation', 'Comedy', 'Family', 'Fantasy', 'Musical']",403 days/57 weeks,"3,980 theaters","Jared Bush

","
$96,093,622
","
$160,693,120
","
$256,786,742
"
Cruella,/release/rl3708126721/?ref_=bo_yld_table_16,Walt Disney Studios Motion Pictures,"$21,496,997",-,"May 28, 2021",PG-13,2 hr 14 min,"['Adventure', 'Comedy', 'Crime', 'Drama']",218 days/31 weeks,"3,922 theaters","Craig Gillespie

","
$86,103,234
","
$147,400,000
","
$233,503,234
"
Sing 2,/release/rl302024193/?ref_=bo_yld_table_17,Universal Pictures,"$22,326,230",-,"Dec 22, 2021",PG,1 hr 50 min,"['Adventure', 'Animation', 'Comedy', 'Family', 'Musical']",375 days/53 weeks,"3,892 theaters","Garth Jennings

","
$162,790,990
","
$245,611,695
","
$408,402,685
"
Space Jam: A New Legacy,/release/rl973374977/?ref_=bo_yld_table_18,Warner Bros.,"$31,053,362",-,"Jul 16, 2021",PG,1 hr 55 min,"['Adventure', 'Animation', 'Comedy', 'Family', 'Fantasy', 'Sci-Fi', 'Sport']",175 days/25 weeks,"4,002 theaters","Malcolm D. Lee

","
$70,592,228
","
$93,100,000
","
$163,692,228
"
The Conjuring: The Devil Made Me Do It,/release/rl3842475521/?ref_=bo_yld_table_19,Warner Bros.,"$24,104,332",-,"Jun 4, 2021",R,1 hr 52 min,"['Horror', 'Mystery', 'Thriller']",217 days/31 weeks,"3,280 theaters","Michael Chaves

","
$65,631,050
","
$140,800,000
","
$206,431,050
"
Candyman,/release/rl1913030145/?ref_=bo_yld_table_20,Universal Pictures,"$22,001,750",-,"Aug 27, 2021",R,1 hr 31 min,"['Horror', 'Thriller']",133 days/19 weeks,"3,569 theaters","Nia DaCosta

","
$61,186,570
","
$16,225,000
","
$77,411,570
"
The Boss Baby: Family Business,/release/rl1594066433/?ref_=bo_yld_table_21,Universal Pictures,"$16,000,665",-,"Jul 2, 2021",PG,1 hr 47 min,"['Adventure', 'Animation', 'Comedy', 'Family', 'Fantasy']",183 days/26 weeks,"3,688 theaters","Tom McGrath

","
$57,300,280
","
$89,445,000
","
$146,745,280
"
The Addams Family 2,/release/rl1465156353/?ref_=bo_yld_table_22,United Artists Releasing,"$17,325,007",-,"Oct 1, 2021",PG,1 hr 33 min,"['Adventure', 'Animation', 'Comedy', 'Family', 'Fantasy', 'Horror', 'Mystery']",98 days/14 weeks,"4,207 theaters","Conrad Vernon

","
$56,489,153
","
$63,326,000
","
$119,815,153
"
The Suicide Squad,/release/rl84510209/?ref_=bo_yld_table_23,Warner Bros.,"$26,205,415","$185,000,000","Aug 6, 2021",R,2 hr 12 min,"['Action', 'Adventure', 'Comedy', 'Sci-Fi']",154 days/22 weeks,"4,019 theaters","James Gunn

","
$55,817,425
","
$112,900,000
","
$168,717,425
"
Raya and the Last Dragon,/release/rl3781723649/?ref_=bo_yld_table_24,Walt Disney Studios Motion Pictures,"$8,502,498",-,"Mar 5, 2021",PG,1 hr 47 min,"['Action', 'Adventure', 'Animation', 'Comedy', 'Drama', 'Family', 'Fantasy']",302 days/43 weeks,"2,375 theaters","Don Hall

","
$54,723,032
","
$75,700,000
","
$130,423,032
"
Demon Slayer: Kimetsu no Yaiba - The Movie: Mugen Train,/release/rl3648226049/?ref_=bo_yld_table_25,FUNimation Entertainment,"$21,234,994",-,"Apr 23, 2021",R,1 hr 57 min,"['Action', 'Adventure', 'Animation', 'Fantasy', 'Thriller']",253 days/36 weeks,"2,087 theaters","Haruo Sotozaki

","
$49,505,008
","
$423,725,400
","
$473,230,408
"
Clifford the Big Red Dog,/release/rl642418177/?ref_=bo_yld_table_26,Paramount Pictures,"$16,627,491",-,"Nov 10, 2021",PG,1 hr 36 min,"['Adventure', 'Comedy', 'Family', 'Fantasy']",58 days/8 weeks,"3,700 theaters","Walt Becker

","
$48,947,356
","
$58,400,000
","
$107,347,356
"
House of Gucci,/release/rl2182841089/?ref_=bo_yld_table_27,United Artists Releasing,"$14,423,794",-,"Nov 24, 2021",R,2 hr 38 min,"['Biography', 'Crime', 'Drama']",403 days/57 weeks,"3,477 theaters","Ridley Scott

","
$53,809,574
","
$99,459,587
","
$153,269,161
"
Old,/release/rl2097710593/?ref_=bo_yld_table_28,Universal Pictures,"$16,854,735",-,"Jul 23, 2021",PG-13,1 hr 48 min,"['Drama', 'Horror', 'Mystery', 'Thriller']",168 days/24 weeks,"3,379 theaters","M. Night Shyamalan

","
$48,276,510
","
$41,870,000
","
$90,146,510
"
Tom & Jerry,/release/rl2399766017/?ref_=bo_yld_table_29,Warner Bros.,"$14,112,629",-,"Feb 26, 2021",PG,1 hr 41 min,"['Adventure', 'Animation', 'Comedy', 'Family', 'Fantasy']",315 days/45 weeks,"2,563 theaters","Tim Story

","
$46,536,687
","
$90,000,000
","
$136,536,687
"
The Forever Purge,/release/rl84444673/?ref_=bo_yld_table_30,Universal Pictures,"$12,551,220",-,"Jul 2, 2021",R,1 hr 43 min,"['Action', 'Crime', 'Horror', 'Thriller', 'Western']",183 days/26 weeks,"3,058 theaters","Everardo Gout

","
$44,539,245
","
$32,455,000
","
$76,994,245
"
Peter Rabbit 2: The Runaway,/release/rl2869200385/?ref_=bo_yld_table_31,Sony Pictures Releasing,"$10,101,066",-,"Jun 11, 2021",PG,1 hr 33 min,"['Adventure', 'Animation', 'Comedy', 'Drama', 'Family', 'Fantasy']",210 days/30 weeks,"3,346 theaters","Will Gluck

","
$40,501,717
","
$113,400,000
","
$153,901,717
"
PAW Patrol: The Movie,/release/rl1757315585/?ref_=bo_yld_table_32,Paramount Pictures,"$13,148,340",-,"Aug 20, 2021",G,1 hr 26 min,"['Action', 'Adventure', 'Animation', 'Comedy', 'Crime', 'Family', 'Fantasy', 'Sci-Fi']",134 days/19 weeks,"3,189 theaters","Cal Brunker

","
$40,127,371
","
$104,200,000
","
$144,327,371
"
Hitman's Wife's Bodyguard,/release/rl2544534017/?ref_=bo_yld_table_33,Lionsgate,"$11,397,820",-,"Jun 16, 2021",R,1 hr 40 min,"['Action', 'Comedy', 'Crime', 'Romance', 'Thriller']",199 days/28 weeks,"3,361 theaters","Patrick Hughes

","
$38,014,727
","
$32,045,765
","
$70,060,492
"
Mortal Kombat,/release/rl1862829569/?ref_=bo_yld_table_34,Warner Bros.,"$23,302,503",-,"Apr 23, 2021",R,1 hr 50 min,"['Action', 'Adventure', 'Fantasy', 'Sci-Fi', 'Thriller']",259 days/37 weeks,"3,114 theaters","Simon McQuoid

","
$42,326,031
","
$42,100,000
","
$84,426,031
"
Don't Breathe 2,/release/rl1180271361/?ref_=bo_yld_table_35,Screen Gems,"$10,622,473",-,"Aug 13, 2021",R,1 hr 38 min,"['Action', 'Crime', 'Horror', 'Thriller']",147 days/21 weeks,"3,005 theaters","Rodo Sayagues

","
$32,712,950
","
$21,072,601
","
$53,785,551
"
In the Heights,/release/rl3674506753/?ref_=bo_yld_table_36,Warner Bros.,"$11,504,710",-,"Jun 11, 2021",PG-13,2 hr 23 min,"['Drama', 'Musical', 'Romance']",210 days/30 weeks,"3,509 theaters","Jon M. Chu

","
$29,975,167
","
$15,200,000
","
$45,175,167
"
Snake Eyes,/release/rl2114291201/?ref_=bo_yld_table_37,Paramount Pictures,"$13,367,853",-,"Jul 23, 2021",PG-13,2 hr 1 min,"['Action', 'Adventure', 'Crime', 'Fantasy', 'Sci-Fi', 'Thriller']",162 days/23 weeks,"3,540 theaters","Robert Schwentke

","
$28,264,325
","
$11,800,000
","
$40,064,325
"
West Side Story,/release/rl319325697/?ref_=bo_yld_table_38,20th Century Studios,"$10,574,618",-,"Dec 10, 2021
            -
            Apr 7, 2022",PG-13,2 hr 36 min,"['Crime', 'Drama', 'Musical', 'Romance']",387 days/55 weeks,"2,820 theaters","Steven Spielberg

","
$38,530,322
","
$37,485,849
","
$76,016,171
"
The Matrix Resurrections,/release/rl2175304193/?ref_=bo_yld_table_39,Warner Bros.,"$10,749,011",-,"Dec 22, 2021",R,2 hr 28 min,"['Action', 'Sci-Fi']",375 days/53 weeks,"3,552 theaters","Lana Wachowski

","
$37,686,805
","
$119,700,000
","
$157,386,805
"
Wrath of Man,/release/rl2976809729/?ref_=bo_yld_table_40,United Artists Releasing,"$8,309,007",-,"May 7, 2021",R,1 hr 59 min,"['Action', 'Crime', 'Thriller']",239 days/34 weeks,"3,007 theaters","Guy Ritchie

","
$27,466,489
","
$76,500,000
","
$103,966,489
"
Nobody,/release/rl604276225/?ref_=bo_yld_table_41,Universal Pictures,"$6,820,100","$16,000,000","Mar 26, 2021",R,1 hr 32 min,"['Action', 'Crime', 'Drama', 'Thriller']",287 days/41 weeks,"2,567 theaters","Ilya Naishuller

","
$27,568,035
","
$29,942,483
","
$57,510,518
"
The Croods: A New Age,/release/rl3209528833/?ref_=bo_yld_table_42,Universal Pictures,"$9,724,200",-,"Nov 25, 2020",PG,1 hr 35 min,"['Adventure', 'Animation', 'Comedy', 'Family', 'Fantasy']",402 days/57 weeks,"2,211 theaters","Joel Crawford

","
$58,568,815
","
$157,337,000
","
$215,905,815
"
Escape Room: Tournament of Champions,/release/rl3205072385/?ref_=bo_yld_table_43,Sony Pictures Releasing,"$8,801,391",-,"Jul 16, 2021",PG-13,1 hr 28 min,"['Action', 'Adventure', 'Horror', 'Mystery', 'Sci-Fi', 'Thriller']",175 days/25 weeks,"2,815 theaters","Adam Robitel

","
$25,314,753
","
$40,459,737
","
$65,774,490
"
Respect,/release/rl4039082497/?ref_=bo_yld_table_44,Metro-Goldwyn-Mayer (MGM),"$8,807,513",-,"Aug 13, 2021",PG-13,2 hr 25 min,"['Biography', 'Drama', 'Music']",141 days/20 weeks,"3,207 theaters","Liesl Tommy

","
$24,278,399
","
$8,604,424
","
$32,882,823
"
Wonder Woman 1984,/release/rl3624109569/?ref_=bo_yld_table_45,Warner Bros.,"$16,701,957",-,"Dec 25, 2020",PG-13,2 hr 31 min,"['Action', 'Adventure', 'Fantasy']",378 days/54 weeks,"2,218 theaters","Patty Jenkins

","
$46,801,036
","
$122,800,000
","
$169,601,036
"
Spiral,/release/rl1745389057/?ref_=bo_yld_table_46,Lionsgate,"$8,750,034",-,"May 14, 2021",R,1 hr 33 min,"['Horror', 'Mystery', 'Thriller']",232 days/33 weeks,"2,991 theaters","Darren Lynn Bousman

","
$23,216,862
","
$17,402,058
","
$40,618,920
"
Ron's Gone Wrong,/release/rl2516747777/?ref_=bo_yld_table_47,20th Century Studios,"$7,300,225",-,"Oct 22, 2021
            -
            Dec 23, 2021",PG,1 hr 47 min,"['Adventure', 'Animation', 'Comedy', 'Family', 'Sci-Fi']",77 days/11 weeks,"3,560 theaters","Sarah Smith

","
$23,009,270
","
$37,682,752
","
$60,692,022
"
Spirit Untamed,/release/rl2450228737/?ref_=bo_yld_table_48,Universal Pictures,"$6,101,050",-,"Jun 4, 2021",PG,1 hr 28 min,"['Adventure', 'Animation', 'Comedy', 'Family', 'Musical', 'Western']",217 days/31 weeks,"3,394 theaters","Elaine Bogan

","
$17,716,215
","
$25,001,000
","
$42,717,215
"
The Green Knight,/release/rl4222779905/?ref_=bo_yld_table_49,A24,"$6,790,917",-,"Jul 30, 2021",R,2 hr 10 min,"['Adventure', 'Drama', 'Fantasy']",155 days/22 weeks,"2,798 theaters","David Lowery

","
$17,173,321
","
$1,714,632
","
$18,887,953
"
Resident Evil: Welcome to Raccoon City,/release/rl829063937/?ref_=bo_yld_table_50,Screen Gems,"$5,319,280",-,"Nov 24, 2021",R,1 hr 47 min,"['Action', 'Horror', 'Sci-Fi']",403 days/57 weeks,"2,803 theaters","Johannes Roberts

","
$17,000,612
","
$24,914,303
","
$41,914,915
"
The King's Man,/release/rl2181531137/?ref_=bo_yld_table_51,20th Century Studios,"$5,915,542",-,"Dec 22, 2021
            -
            Mar 10, 2022",R,2 hr 11 min,"['Action', 'Adventure', 'Thriller']",375 days/53 weeks,"3,180 theaters","Matthew Vaughn

","
$37,176,373
","
$88,721,105
","
$125,897,478
"
The French Dispatch,/release/rl1085440513/?ref_=bo_yld_table_52,Searchlight Pictures,"$1,348,804",-,"Oct 22, 2021",R,1 hr 47 min,"['Comedy', 'Drama', 'Romance']",436 days/62 weeks,"1,225 theaters","Wes Anderson

","
$16,124,375
","
$30,209,170
","
$46,333,545
"
The Marksman,/release/rl3412361985/?ref_=bo_yld_table_53,Open Road Films (II),"$3,104,204",-,"Jan 15, 2021",PG-13,1 hr 48 min,"['Action', 'Drama', 'Thriller']",351 days/50 weeks,"2,018 theaters","Robert Lorenz

","
$15,566,093
","
$7,510,618
","
$23,076,711
"
The Unholy,/release/rl460292865/?ref_=bo_yld_table_54,Screen Gems,"$3,153,456",-,"Apr 2, 2021",PG-13,1 hr 39 min,"['Drama', 'Horror', 'Mystery', 'Thriller']",280 days/40 weeks,"2,057 theaters","Evan Spiliotopoulos

","
$15,532,137
","
$15,300,000
","
$30,832,137
"
The Little Things,/release/rl918258177/?ref_=bo_yld_table_55,Warner Bros.,"$4,705,527",-,"Jan 29, 2021",R,2 hr 8 min,"['Crime', 'Drama', 'Mystery', 'Thriller']",343 days/49 weeks,"2,206 theaters","John Lee Hancock

","
$15,342,746
","
$15,500,000
","
$30,842,746
"
Dear Evan Hansen,/release/rl3127608065/?ref_=bo_yld_table_56,Universal Pictures,"$7,443,830",-,"Sep 24, 2021",PG-13,2 hr 17 min,"['Drama', 'Musical']",105 days/15 weeks,"3,364 theaters","Stephen Chbosky

","
$15,002,646
","
$4,130,808
","
$19,133,454
"
King Richard,/release/rl1191740929/?ref_=bo_yld_table_57,Warner Bros.,"$5,406,033",-,"Nov 19, 2021
            -
            Apr 7, 2022",PG-13,2 hr 24 min,"['Biography', 'Drama', 'Sport']",408 days/58 weeks,"3,302 theaters","Reinaldo Marcus Green

","
$15,129,285
","
$24,400,000
","
$39,529,285
"
Stillwater,/release/rl1863026177/?ref_=bo_yld_table_58,Focus Features,"$5,188,150",-,"Jul 30, 2021",R,2 hr 19 min,"['Crime', 'Drama', 'Mystery', 'Thriller']",155 days/22 weeks,"2,611 theaters","Tom McCarthy

","
$14,465,535
","
$5,288,737
","
$19,754,272
"
Christmas with the Chosen: The Messengers,/release/rl2048426753/?ref_=bo_yld_table_59,Fathom Events,"$4,245,000",-,"Dec 1, 2021",,2 hr 3 min,['Music'],37 days/5 weeks,"1,700 theaters","Dallas Jenkins

","
$13,728,000
","
–
","
$13,728,000
"
Malignant,/release/rl4288512513/?ref_=bo_yld_table_60,Warner Bros.,"$5,434,620",-,"Sep 10, 2021",R,1 hr 51 min,"['Crime', 'Horror', 'Mystery']",119 days/17 weeks,"3,501 theaters","James Wan

","
$13,391,791
","
$21,500,000
","
$34,891,791
"
Chaos Walking,/release/rl157647617/?ref_=bo_yld_table_61,Lionsgate,"$3,775,350",-,"Mar 5, 2021",PG-13,1 hr 49 min,"['Action', 'Adventure', 'Fantasy', 'Sci-Fi', 'Western']",302 days/43 weeks,"2,132 theaters","Doug Liman

","
$13,287,908
","
$13,220,224
","
$26,508,132
"
My Hero Academia: World Heroes' Mission,/release/rl1494057729/?ref_=bo_yld_table_62,FUNimation Entertainment,"$6,255,779",-,"Oct 29, 2021",PG-13,1 hr 41 min,"['Action', 'Adventure', 'Animation', 'Sci-Fi']",70 days/10 weeks,"1,585 theaters","Kenji Nagasaki

","
$12,271,658
","
$34,668,883
","
$46,940,541
"
American Underdog,/release/rl1035239937/?ref_=bo_yld_table_63,Lionsgate,"$5,861,836",-,"Dec 25, 2021",PG,1 hr 52 min,"['Biography', 'Drama', 'Romance', 'Sport']",372 days/53 weeks,"2,813 theaters","Andrew Erwin

","
$26,514,814
","
–
","
$26,514,814
"
The Last Duel,/release/rl3819143681/?ref_=bo_yld_table_64,20th Century Studios,"$4,759,151",-,"Oct 15, 2021",R,2 hr 32 min,"['Action', 'Drama', 'History', 'Thriller']",84 days/12 weeks,"3,065 theaters","Ridley Scott

","
$10,853,945
","
$19,698,166
","
$30,552,111
"
Antlers,/release/rl3483599361/?ref_=bo_yld_table_65,Searchlight Pictures,"$4,271,346",-,"Oct 29, 2021",R,1 hr 39 min,"['Drama', 'Horror', 'Mystery']",70 days/10 weeks,"2,800 theaters","Scott Cooper

","
$10,619,670
","
$8,247,989
","
$18,867,659
"
Cry Macho,/release/rl477004545/?ref_=bo_yld_table_66,Warner Bros.,"$4,426,161",-,"Sep 17, 2021",PG-13,1 hr 44 min,['Drama'],112 days/16 weeks,"4,022 theaters","Clint Eastwood

","
$10,310,734
","
$6,200,000
","
$16,510,734
"
Monster Hunter,/release/rl1862895105/?ref_=bo_yld_table_67,Screen Gems,"$2,201,269",-,"Dec 18, 2020",PG-13,1 hr 43 min,"['Action', 'Adventure', 'Fantasy']",379 days/54 weeks,"1,817 theaters","Paul W.S. Anderson

","
$15,162,470
","
$26,983,489
","
$42,145,959
"
Last Night in Soho,/release/rl839616001/?ref_=bo_yld_table_68,Focus Features,"$4,178,460",-,"Oct 29, 2021",R,1 hr 56 min,"['Drama', 'Horror', 'Mystery', 'Thriller']",70 days/10 weeks,"3,016 theaters","Edgar Wright

","
$10,127,625
","
$12,830,000
","
$22,957,625
"
News of the World,/release/rl3054208513/?ref_=bo_yld_table_69,Universal Pictures,"$2,250,430",-,"Dec 25, 2020",PG-13,1 hr 58 min,"['Action', 'Adventure', 'Drama', 'Western']",372 days/53 weeks,"1,986 theaters","Paul Greengrass

","
$12,668,325
","
–
","
$12,668,325
"
The Many Saints of Newark,/release/rl2164884993/?ref_=bo_yld_table_70,Warner Bros.,"$4,651,571",-,"Oct 1, 2021",R,2 hr,"['Crime', 'Drama']",98 days/14 weeks,"3,181 theaters","Alan Taylor

","
$8,237,403
","
$4,800,000
","
$13,037,403
"
The Protégé,/release/rl1555988993/?ref_=bo_yld_table_71,Lionsgate,"$2,908,221",-,"Aug 20, 2021",R,1 hr 49 min,"['Action', 'Thriller']",134 days/19 weeks,"2,577 theaters","Martin Campbell

","
$7,446,823
","
$1,290,430
","
$8,737,253
"
The Night House,/release/rl1550353153/?ref_=bo_yld_table_72,Searchlight Pictures,"$2,859,409",-,"Aug 20, 2021",R,1 hr 47 min,"['Horror', 'Mystery', 'Thriller']",134 days/19 weeks,"2,240 theaters","David Bruckner

","
$7,100,581
","
$8,337,122
","
$15,437,703
"
Spencer,/release/rl2065335041/?ref_=bo_yld_table_73,Neon,"$2,104,767",-,"Nov 5, 2021",R,1 hr 57 min,"['Biography', 'Drama']",63 days/9 weeks,"1,265 theaters","Pablo Larraín

","
$7,086,632
","
$18,160,335
","
$25,246,967
"
Belfast,/release/rl4000285441/?ref_=bo_yld_table_74,Focus Features,"$1,779,410",-,"Nov 12, 2021",PG-13,1 hr 38 min,"['Biography', 'Drama', 'Romance']",415 days/59 weeks,"1,255 theaters","Kenneth Branagh

","
$9,250,870
","
$39,907,839
","
$49,158,709
"
Nightmare Alley,/release/rl1382580993/?ref_=bo_yld_table_75,Searchlight Pictures,"$2,811,703",-,"Dec 17, 2021",R,2 hr 30 min,"['Crime', 'Drama', 'Thriller']",380 days/54 weeks,"2,145 theaters","Guillermo del Toro

","
$11,338,107
","
$28,291,088
","
$39,629,195
"
Those Who Wish Me Dead,/release/rl2909504257/?ref_=bo_yld_table_76,Warner Bros.,"$2,831,382",-,"May 14, 2021",R,1 hr 40 min,"['Action', 'Drama', 'Thriller']",238 days/34 weeks,"3,379 theaters","Taylor Sheridan

","
$7,407,200
","
$11,700,000
","
$19,107,200
"
The Courier,/release/rl3082715649/?ref_=bo_yld_table_77,Roadside Attractions,"$1,885,829",-,"Mar 19, 2021",PG-13,1 hr 52 min,"['Drama', 'History', 'Mystery', 'Thriller']",288 days/41 weeks,"1,641 theaters","Dominic Cooke

","
$6,613,432
","
$19,387,795
","
$26,001,227
"
Judas and the Black Messiah,/release/rl782991873/?ref_=bo_yld_table_78,Warner Bros.,"$2,027,076",-,"Feb 12, 2021",R,2 hr 6 min,"['Biography', 'Drama', 'History']",329 days/47 weeks,"1,906 theaters","Shaka King

","
$5,478,009
","
$2,000,000
","
$7,478,009
"
Licorice Pizza,/release/rl2233172737/?ref_=bo_yld_table_79,United Artists Releasing,"$345,157",-,"Nov 26, 2021",R,2 hr 13 min,"['Comedy', 'Drama', 'Romance']",401 days/57 weeks,"1,977 theaters","Paul Thomas Anderson

","
$17,318,007
","
$15,958,068
","
$33,276,075
"
Promising Young Woman,/release/rl3852829185/?ref_=bo_yld_table_80,Focus Features,"$719,305",-,"Dec 25, 2020",R,1 hr 53 min,"['Crime', 'Drama', 'Mystery', 'Thriller']",372 days/53 weeks,"1,448 theaters","Emerald Fennell

","
$6,460,965
","
$12,393,201
","
$18,854,166
"
Roadrunner: A Film About Anthony Bourdain,/release/rl3782378241/?ref_=bo_yld_table_81,Focus Features,"$1,988,795",-,"Jul 16, 2021",R,1 hr 59 min,['Documentary'],175 days/25 weeks,954 theaters,"Morgan Neville

","
$5,354,970
","
$137,047
","
$5,492,017
"
Copshop,/release/rl2667676417/?ref_=bo_yld_table_82,Open Road Films (II),"$2,315,638",-,"Sep 17, 2021",R,1 hr 47 min,"['Action', 'Thriller']",106 days/15 weeks,"3,005 theaters","Joe Carnahan

","
$5,213,243
","
$1,593,915
","
$6,807,158
"
Zola,/release/rl358974209/?ref_=bo_yld_table_83,A24,"$1,200,013",-,"Jun 30, 2021",R,1 hr 26 min,"['Comedy', 'Crime', 'Drama']",185 days/26 weeks,"1,468 theaters","Janicza Bravo

","
$4,844,399
","
$153,698
","
$4,998,097
"
Separation,/release/rl1383105281/?ref_=bo_yld_table_84,Open Road Films (II),"$1,800,162",-,"Apr 30, 2021",R,1 hr 47 min,"['Drama', 'Horror', 'Mystery']",246 days/35 weeks,"1,911 theaters","William Brent Bell

","
$4,509,143
","
–
","
$4,509,143
"
Boogie,/release/rl677610241/?ref_=bo_yld_table_85,Focus Features,"$1,200,165",-,"Mar 5, 2021",R,1 hr 30 min,"['Drama', 'Sport']",302 days/43 weeks,"1,272 theaters","Eddie Huang

","
$4,178,620
","
$12,403
","
$4,191,023
"
Fatale,/release/rl1846248961/?ref_=bo_yld_table_86,Lionsgate,"$918,112",-,"Dec 18, 2020",R,1 hr 42 min,"['Drama', 'Mystery', 'Romance', 'Thriller']",379 days/54 weeks,"1,222 theaters","Deon Taylor

","
$6,306,897
","
$724,392
","
$7,031,289
"
A Journal for Jordan,/release/rl1886552833/?ref_=bo_yld_table_87,Sony Pictures Releasing,"$2,201,886",-,"Dec 25, 2021",PG-13,2 hr 11 min,"['Drama', 'Romance', 'War']",372 days/53 weeks,"2,500 theaters","Denzel Washington

","
$6,545,174
","
$137,474
","
$6,682,648
"
Reminiscence,/release/rl2076082689/?ref_=bo_yld_table_88,Warner Bros.,"$1,950,793",-,"Aug 20, 2021",PG-13,1 hr 56 min,"['Mystery', 'Romance', 'Sci-Fi', 'Thriller']",140 days/20 weeks,"3,265 theaters","Lisa Joy

","
$3,900,193
","
$12,500,000
","
$16,400,193
"
12 Mighty Orphans,/release/rl4050879233/?ref_=bo_yld_table_89,Sony Pictures Releasing,"$251,569",-,"Jun 11, 2021",PG-13,1 hr 58 min,"['History', 'Sport']",204 days/29 weeks,"1,047 theaters","Ty Roberts

","
$3,689,637
","
$23,657
","
$3,713,294
"
Sooryavanshi,/release/rl4078338817/?ref_=bo_yld_table_90,Reliance Entertainment,"$1,443,475",-,"Nov 5, 2021",,2 hr 25 min,"['Action', 'Crime', 'Drama', 'Thriller']",63 days/9 weeks,491 theaters,"Rohit Shetty

","
$3,547,776
","
$3,436,306
","
$6,984,082
"
Pig,/release/rl2718204673/?ref_=bo_yld_table_91,Neon,"$970,935",-,"Jul 16, 2021",R,1 hr 32 min,"['Drama', 'Mystery']",169 days/24 weeks,588 theaters,"Michael Sarnoski

","
$3,186,668
","
$702,764
","
$3,889,432
"
The Girl Who Believes in Miracles,/release/rl1685029633/?ref_=bo_yld_table_92,Atlas Distribution Company,"$546,000",-,"Apr 2, 2021",PG,1 hr 40 min,"['Drama', 'Family']",274 days/39 weeks,"1,012 theaters","Richard Correll

","
$3,163,362
","
$77,996
","
$3,241,358
"
Voyagers,/release/rl1505657345/?ref_=bo_yld_table_93,Lionsgate,"$1,379,988",-,"Apr 9, 2021",PG-13,1 hr 48 min,"['Adventure', 'Mystery', 'Sci-Fi', 'Thriller']",267 days/38 weeks,"1,996 theaters","Neil Burger

","
$3,149,935
","
$1,148,249
","
$4,298,184
"
Minari,/release/rl3731849985/?ref_=bo_yld_table_94,A24,"$193,460",-,"Feb 12, 2021",PG-13,1 hr 55 min,['Drama'],323 days/46 weeks,912 theaters,"Lee Isaac Chung

","
$3,110,580
","
$12,177,998
","
$15,288,578
"
'83,/release/rl3882713857/?ref_=bo_yld_table_95,Reliance Entertainment,"$1,692,575",-,"Dec 23, 2021",,2 hr 42 min,"['Biography', 'Drama', 'History', 'Sport']",374 days/53 weeks,486 theaters,"Pritam Chakraborty

","
$4,055,660
","
$3,295,401
","
$7,351,061
"
Dream Horse,/release/rl648774145/?ref_=bo_yld_table_96,Bleecker Street Media/Topic Studios,"$794,741",-,"May 21, 2021",PG,1 hr 53 min,"['Biography', 'Comedy', 'Drama', 'Sport']",225 days/32 weeks,"1,284 theaters","Euros Lyn

","
$2,913,328
","
$3,659,462
","
$6,572,790
"
The House Next Door: Meet the Blacks 2,/release/rl1383564033/?ref_=bo_yld_table_97,Hidden Empire Film Group (HEFG),"$1,011,756",-,"Jun 11, 2021",R,1 hr 37 min,"['Action', 'Comedy', 'Horror']",204 days/29 weeks,539 theaters,"Deon Taylor

","
$2,893,660
","
–
","
$2,893,660
"
Here Today,/release/rl1551074049/?ref_=bo_yld_table_98,Stage 6 Films,"$1,042,171",-,"May 7, 2021",PG-13,1 hr 57 min,"['Comedy', 'Drama', 'Music']",239 days/34 weeks,"1,230 theaters","Billy Crystal

","
$2,807,494
","
$63,833
","
$2,871,327
"
Finding You,/release/rl2941289217/?ref_=bo_yld_table_99,Roadside Attractions,"$920,476",-,"May 14, 2021",PG,1 hr 59 min,"['Drama', 'Romance']",232 days/33 weeks,"1,447 theaters","Brian Baugh

","
$2,753,985
","
$572,900
","
$3,326,885
"
Lamb,/release/rl3725492993/?ref_=bo_yld_table_100,A24,"$1,000,089",-,"Oct 8, 2021",R,1 hr 46 min,"['Drama', 'Fantasy', 'Horror']",85 days/12 weeks,865 theaters,"Valdimar Jóhannsson

","
$2,676,410
","
$512,677
","
$3,189,087
"
The Card Counter,/release/rl1165460225/?ref_=bo_yld_table_101,Focus Features,"$1,039,580",-,"Sep 10, 2021",R,1 hr 51 min,"['Crime', 'Drama', 'Thriller']",113 days/16 weeks,739 theaters,"Paul Schrader

","
$2,657,850
","
$2,383,010
","
$5,040,860
"
Land,/release/rl3798106881/?ref_=bo_yld_table_102,Focus Features,"$899,810",-,"Feb 12, 2021",PG-13,1 hr 29 min,"['Adventure', 'Drama']",323 days/46 weeks,"1,349 theaters","Robin Wright

","
$2,577,830
","
$586,416
","
$3,164,246
"
The War with Grandpa,/release/rl1078166273/?ref_=bo_yld_table_103,101 Studios,"$3,623,880",-,"Oct 9, 2020",PG,1 hr 34 min,"['Comedy', 'Drama', 'Family']",449 days/64 weeks,"2,365 theaters","Tim Hill

","
$21,277,892
","
$22,109,746
","
$43,387,638
"
The Eyes of Tammy Faye,/release/rl1600684801/?ref_=bo_yld_table_104,Searchlight Pictures,"$652,358",-,"Sep 17, 2021",PG-13,2 hr 6 min,"['Biography', 'Drama', 'Romance']",106 days/15 weeks,"1,352 theaters","Michael Showalter

","
$2,404,127
","
$272,053
","
$2,676,180
"
"Summer of Soul (...Or, When the Revolution Could Not Be Televised)",/release/rl1786741505/?ref_=bo_yld_table_105,Searchlight Pictures,"$802,054",-,"Jun 25, 2021",PG-13,1 hr 58 min,"['Documentary', 'History', 'Music']",190 days/27 weeks,752 theaters,"Questlove

","
$2,320,649
","
$1,375,420
","
$3,696,069
"
After We Fell,/release/rl3121709825/?ref_=bo_yld_table_106,Vertical Entertainment,"$426,457",-,"Sep 10, 2021",R,1 hr 38 min,"['Drama', 'Romance']",113 days/16 weeks,"1,294 theaters","Castille Landon

","
$2,170,750
","
$19,582,955
","
$21,753,705
"
Queen Bees,/release/rl3010495233/?ref_=bo_yld_table_107,Gravitas Ventures,"$375,232",-,"Jun 11, 2021",PG-13,1 hr 40 min,"['Comedy', 'Drama', 'Romance']",204 days/29 weeks,600 theaters,"Michael Lembeck

","
$1,926,706
","
$389,165
","
$2,315,871
"
The Father,/release/rl4290478593/?ref_=bo_yld_table_108,Sony Pictures Classics,,-,"Feb 26, 2021",PG-13,1 hr 37 min,"['Drama', 'Mystery']",309 days/44 weeks,933 theaters,"Florian Zeller

","
$2,122,771
","
$21,920,547
","
$24,048,935
"
Show Me the Father,/release/rl8028929/?ref_=bo_yld_table_109,Affirm Films,"$700,181",-,"Sep 10, 2021",PG,1 hr 31 min,"['Documentary', 'Drama']",119 days/17 weeks,"1,073 theaters","Rick Altizer

","
$1,803,226
","
$115,939
","
$1,919,165
"
C'mon C'mon,/release/rl2048033537/?ref_=bo_yld_table_110,A24,"$134,447",-,"Nov 19, 2021",R,1 hr 49 min,['Drama'],408 days/58 weeks,569 theaters,"Mike Mills

","
$1,863,674
","
$2,635,721
","
$4,499,395
"
Profile,/release/rl1080984321/?ref_=bo_yld_table_111,Focus Features,"$730,290",-,"May 14, 2021",R,1 hr 46 min,"['Mystery', 'Thriller']",232 days/33 weeks,"2,104 theaters","Timur Bekmambetov

","
$1,744,740
","
$111,990
","
$1,856,730
"
Titane,/release/rl1947370241/?ref_=bo_yld_table_112,Neon,"$533,397",-,"Oct 1, 2021",R,1 hr 48 min,"['Drama', 'Horror', 'Sci-Fi', 'Thriller']",92 days/13 weeks,562 theaters,"Julia Ducournau

","
$1,442,988
","
$3,539,347
","
$4,982,335
"
Together Together,/release/rl1802732289/?ref_=bo_yld_table_113,Bleecker Street Media,"$532,773",-,"Apr 23, 2021",R,1 hr 30 min,"['Comedy', 'Drama']",253 days/36 weeks,665 theaters,"Nikole Beckwith

","
$1,437,938
","
–
","
$1,437,938
"
Joe Bell,/release/rl1935442689/?ref_=bo_yld_table_114,Roadside Attractions,"$749,635",-,"Jul 23, 2021",R,1 hr 34 min,"['Biography', 'Drama']",162 days/23 weeks,"1,094 theaters","Reinaldo Marcus Green

","
$1,405,488
","
$330,830
","
$1,736,318
"
Nomadland,/release/rl1414169345/?ref_=bo_yld_table_115,Searchlight Pictures,"$503,000",-,"Feb 19, 2021",R,1 hr 47 min,['Drama'],316 days/45 weeks,"1,200 theaters","Chloé Zhao

","
$3,700,000
","
$35,758,207
","
$39,458,207
"
Pinocchio,/release/rl3428745985/?ref_=bo_yld_table_116,Roadside Attractions,"$272,109",-,"Dec 25, 2020",PG-13,2 hr 5 min,"['Drama', 'Family', 'Fantasy']",372 days/53 weeks,824 theaters,"Matteo Garrone

","
$1,831,718
","
$22,009,372
","
$23,841,090
"
Pushpa: The Rise - Part 1,/release/rl405046017/?ref_=bo_yld_table_117,Hamsini Entertainment,"$1,320,000",-,"Dec 17, 2021",,2 hr 59 min,"['Action', 'Crime', 'Drama', 'Thriller']",21 days/3 weeks,400 theaters,"Sukumar

","
$1,320,000
","
$6,272,374
","
$7,592,374
"
Scott Pilgrim vs. the World,/release/rl3027141377/?ref_=bo_yld_table_118,Universal Pictures,"$729,930","$60,000,000",,PG-13,1 hr 52 min,"['Action', 'Comedy', 'Fantasy', 'Romance']",,448 theaters,"Edgar Wright

","
$1,867,625
","
$2,158,972
","
$4,026,597
"
Wrong Turn,/release/rl1147962113/?ref_=bo_yld_table_119,Saban Films,"$107,897",-,"Jan 26, 2021",R,1 hr 49 min,"['Horror', 'Thriller']",340 days/48 weeks,259 theaters,"Mike P. Nelson

","
$1,251,184
","
$3,578,742
","
$4,829,926
"
Honsla Rakh,/release/rl2736161537/?ref_=bo_yld_table_120,,"$706,000",-,"Oct 15, 2021",,2 hr 25 min,"['Comedy', 'Drama', 'Romance']",78 days/11 weeks,100 theaters,"Amarjit Singh Saron

","
$1,800,000
","
$1,177,700
","
$2,977,700
"
God's Not Dead: We the People,/release/rl1529840385/?ref_=bo_yld_table_121,Fathom Events,,-,"Oct 4, 2021",PG,1 hr 32 min,['Drama'],89 days/12 weeks,565 theaters,"Vance Null

","
$1,170,367
","
–
","
$1,170,367
"
In the Earth,/release/rl242385665/?ref_=bo_yld_table_122,Neon,"$505,723",-,"Apr 16, 2021",R,1 hr 47 min,"['Drama', 'Horror', 'Mystery', 'Sci-Fi', 'Thriller']",260 days/37 weeks,571 theaters,"Ben Wheatley

","
$1,113,723
","
$217,000
","
$1,330,723
"
The Rescue,/release/rl4010574593/?ref_=bo_yld_table_123,Greenwich Entertainment,"$65,591",-,"Oct 8, 2021",PG,1 hr 47 min,"['Action', 'Documentary', 'Mystery', 'Thriller']",91 days/13 weeks,561 theaters,"Jimmy Chin

","
$1,060,556
","
–
","
$1,060,556
"
Sword Art Online: Progressive - Aria of a Starless Night,/release/rl589529857/?ref_=bo_yld_table_124,FUNimation Entertainment,"$1,050,000",-,"Dec 3, 2021",,1 hr 37 min,"['Action', 'Adventure', 'Animation', 'Fantasy', 'Sci-Fi']",35 days/5 weeks,840 theaters,"Ayako Kouno

","
$1,050,000
","
$12,982,747
","
$14,032,747
"
True to the Game 3,/release/rl3799024385/?ref_=bo_yld_table_125,Faith Media Distribution,"$573,031",-,"Dec 3, 2021",R,1 hr 38 min,"['Crime', 'Romance', 'Thriller']",35 days/5 weeks,440 theaters,"David Wolfgang

","
$1,038,255
","
–
","
$1,038,255
"
Long Weekend,/release/rl2305655553/?ref_=bo_yld_table_126,Stage 6 Films,"$245,182",-,"Mar 12, 2021",R,1 hr 31 min,"['Comedy', 'Romance']",301 days/43 weeks,821 theaters,"Steve Basilone

","
$1,018,532
","
–
","
$1,018,532
"
The Jesus Music,/release/rl469992193/?ref_=bo_yld_table_127,Lionsgate,"$548,848",-,"Oct 1, 2021",PG-13,1 hr 49 min,['Documentary'],92 days/13 weeks,270 theaters,"Andrew Erwin

","
$1,016,725
","
–
","
$1,016,725
"
Love Story,/release/rl1997701889/?ref_=bo_yld_table_128,Sony Pictures Releasing,"$971,000",-,"Sep 24, 2021",,2 hr 35 min,['Romance'],99 days/14 weeks,300 theaters,"Sekhar Kammula

","
$971,000
","
$4,048,348
","
$5,019,348
"
Come Play,/release/rl2773844737/?ref_=bo_yld_table_129,Focus Features,"$3,119,875",-,"Oct 30, 2020",PG-13,1 hr 36 min,"['Drama', 'Horror', 'Mystery', 'Thriller']",428 days/61 weeks,"2,183 theaters","Jacob Chase

","
$10,475,990
","
$2,706,264
","
$13,182,254
"
Little Eggs: An African Rescue,/release/rl2970387201/?ref_=bo_yld_table_130,Pantelion Films,"$428,034",-,"Aug 27, 2021",PG,1 hr 28 min,"['Adventure', 'Animation', 'Comedy', 'Family', 'Fantasy']",127 days/18 weeks,320 theaters,"Gabriel Riva Palacio Alatriste

","
$927,154
","
$3,269,947
","
$4,197,101
"
Witnesses,/release/rl595428097/?ref_=bo_yld_table_131,Purdie Distribution,"$134,490",-,"Jun 4, 2021",PG,1 hr 50 min,"['Action', 'Adventure', 'Drama', 'Family', 'History']",211 days/30 weeks,90 theaters,"Mark Goodman

","
$855,765
","
–
","
$855,765
"
Scoob!,/release/rl3816785409/?ref_=bo_yld_table_132,Warner Bros.,"$850,000",-,"May 21, 2021",PG,1 hr 33 min,"['Adventure', 'Animation', 'Comedy', 'Family', 'Fantasy', 'Horror', 'Mystery', 'Sci-Fi']",231 days/33 weeks,,"Tony Cervone

","
$2,188,425
","
$26,400,000
","
$28,588,425
"
The Alpinist,/release/rl620921601/?ref_=bo_yld_table_133,Roadside Attractions,"$318,648",-,"Sep 10, 2021",PG-13,1 hr 32 min,"['Biography', 'Documentary']",113 days/16 weeks,245 theaters,"Peter Mortimer

","
$844,743
","
$601,088
","
$1,445,831
"
Four Good Days,/release/rl1265861377/?ref_=bo_yld_table_134,Vertical Entertainment,"$298,358",-,"Apr 30, 2021",R,1 hr 40 min,['Drama'],246 days/35 weeks,489 theaters,"Rodrigo García

","
$837,849
","
$26,242
","
$864,091
"
The Mauritanian,/release/rl3395388161/?ref_=bo_yld_table_135,STX Entertainment,"$163,789",-,"Feb 12, 2021",R,2 hr 9 min,"['Biography', 'Crime', 'Drama', 'History', 'Thriller', 'War']",323 days/46 weeks,287 theaters,"Kevin Macdonald

","
$836,536
","
$6,690,494
","
$7,527,030
"
Lamb of God: The Concert Film,/release/rl527270657/?ref_=bo_yld_table_136,Excel Entertainment,"$129,908",-,"Mar 12, 2021",,1 hr 30 min,['Musical'],295 days/42 weeks,138 theaters,"Rob Gardner

","
$744,813
","
–
","
$744,813
"
Blue Bayou,/release/rl777749249/?ref_=bo_yld_table_137,Focus Features,"$329,840",-,"Sep 17, 2021",R,1 hr 57 min,['Drama'],112 days/16 weeks,487 theaters,"Justin Chon

","
$788,675
","
$130,974
","
$919,649
"
French Exit,/release/rl273449729/?ref_=bo_yld_table_138,Sony Pictures Classics,,-,"Feb 12, 2021",R,1 hr 53 min,"['Comedy', 'Drama']",323 days/46 weeks,493 theaters,"Azazel Jacobs

","
$741,895
","
$814,868
","
$1,556,763
"
L'Arracheuse de temps,/release/rl3486745345/?ref_=bo_yld_table_139,eOne Entertainment,"$188,790",-,"Nov 19, 2021",,1 hr 45 min,['Fantasy'],408 days/58 weeks,72 theaters,"Francis Leclerc

","
$750,623
","
–
","
$750,623
"
Nine Days,/release/rl491553537/?ref_=bo_yld_table_140,Sony Pictures Classics,"$15,700",-,"Jul 30, 2021",R,2 hr 4 min,"['Drama', 'Fantasy']",155 days/22 weeks,443 theaters,"Edson Oda

","
$694,849
","
$272,813
","
$967,662
"
Our Friend,/release/rl2321515265/?ref_=bo_yld_table_141,Gravitas Ventures,"$240,160",-,"Jan 22, 2021",R,2 hr 4 min,"['Drama', 'Romance']",344 days/49 weeks,818 theaters,"Gabriela Cowperthwaite

","
$663,725
","
–
","
$663,725
"
Chal Mera Putt 3,/release/rl2316665601/?ref_=bo_yld_table_142,Rhythm Boyz Entertainment,"$644,000",-,"Oct 1, 2021",,2 hr 10 min,['Comedy'],92 days/13 weeks,90 theaters,"Janjot Singh

","
$644,000
","
$1,684,987
","
$2,328,987
"
The Sparks Brothers,/release/rl3715072769/?ref_=bo_yld_table_143,Focus Features,"$273,530",-,"Jun 18, 2021",R,2 hr 20 min,"['Biography', 'Comedy', 'Documentary', 'History', 'Music']",203 days/29 weeks,534 theaters,"Edgar Wright

","
$648,665
","
$600,450
","
$1,249,115
"
"If I Can't Have Love, I Want Power",/release/rl2920055553/?ref_=bo_yld_table_144,IMAX,"$135,223",-,"Aug 25, 2021",R,53 min,"['Drama', 'Fantasy', 'Horror', 'Musical']",129 days/18 weeks,122 theaters,"Colin Tilley

","
$626,946
","
$2,980
","
$629,926
"
Aline,/release/rl2048754433/?ref_=bo_yld_table_145,Roadside Attractions,"$164,087",-,"Nov 26, 2021",PG-13,2 hr 6 min,"['Biography', 'Comedy', 'Drama', 'Music']",401 days/57 weeks,72 theaters,"Valérie Lemercier

","
$667,815
","
$10,482,128
","
$11,149,943
"
Werewolves Within,/release/rl1785496321/?ref_=bo_yld_table_146,IFC Films,"$250,811",-,"Jun 25, 2021",R,1 hr 37 min,"['Comedy', 'Horror', 'Mystery', 'Thriller']",190 days/27 weeks,270 theaters,"Josh Ruben

","
$575,783
","
$416,115
","
$991,898
"
City of Lies,/release/rl3664741121/?ref_=bo_yld_table_147,Saban Films,"$284,561",-,"Mar 19, 2021",R,1 hr 52 min,"['Biography', 'Crime', 'Drama', 'Mystery', 'Thriller']",288 days/41 weeks,502 theaters,"Brad Furman

","
$572,493
","
$2,251,966
","
$2,824,459
"
Anita,/release/rl404718337/?ref_=bo_yld_table_148,CMC Pictures,"$82,421",-,"Nov 12, 2021",,2 hr 17 min,"['Biography', 'Drama', 'History', 'Music']",56 days/8 weeks,15 theaters,"Lok Man Leung

","
$556,632
","
$14,460,838
","
$15,017,470
"
Courageous,/release/rl226132737/?ref_=bo_yld_table_149,Affirm Films,"$286,586","$2,000,000","Sep 24, 2021",PG-13,2 hr 10 min,['Drama'],105 days/15 weeks,"1,023 theaters","Alex Kendrick

","
$504,855
","
–
","
$504,855
"
The Truffle Hunters,/release/rl441221889/?ref_=bo_yld_table_150,Sony Pictures Classics,,-,"Mar 5, 2021",PG-13,1 hr 24 min,['Documentary'],302 days/43 weeks,105 theaters,"Michael Dweck

","
$521,202
","
$994,326
","
$1,515,528
"
For the Love of Money,/release/rl3155919617/?ref_=bo_yld_table_151,Freestyle Releasing,"$211,286",-,"Nov 24, 2021",R,1 hr 39 min,"['Drama', 'Thriller']",44 days/6 weeks,519 theaters,"Leslie Small

","
$480,774
","
–
","
$480,774
"
National Champions,/release/rl3472917249/?ref_=bo_yld_table_152,STX Entertainment,"$301,028",-,"Dec 10, 2021",R,1 hr 56 min,"['Drama', 'Sport']",28 days/4 weeks,"1,197 theaters","Ric Roman Waugh

","
$475,488
","
–
","
$475,488
"
Jathi Ratnalu,/release/rl2725217025/?ref_=bo_yld_table_153,Flyhigh Cinemas,"$470,000",-,"Mar 12, 2021",,2 hr 25 min,['Comedy'],295 days/42 weeks,130 theaters,"Anudeep K.V.

","
$470,000
","
$261,273
","
$731,273
"
Most Eligible Bachelor,/release/rl2786493185/?ref_=bo_yld_table_154,,"$470,000",-,"Oct 15, 2021",,2 hr 50 min,"['Drama', 'Romance']",78 days/11 weeks,195 theaters,"Bommarillu Baskar

","
$470,000
","
$84,866
","
$554,866
"
Tenet,/release/rl1442940417/?ref_=bo_yld_table_155,Warner Bros.,"$9,353,090",-,"Sep 3, 2020",PG-13,2 hr 30 min,"['Action', 'Sci-Fi', 'Thriller']",491 days/70 weeks,"2,930 theaters","Christopher Nolan

","
$58,504,105
","
$306,800,000
","
$365,304,105
"
World War Z,/release/rl2658894593/?ref_=bo_yld_table_156,Paramount Pictures,"$347,000","$190,000,000","May 28, 2021",PG-13,1 hr 56 min,"['Action', 'Adventure', 'Horror', 'Sci-Fi']",218 days/31 weeks,80 theaters,"Marc Forster

","
$448,000
","
–
","
$448,000
"
The Lost Leonardo,/release/rl1970766593/?ref_=bo_yld_table_157,Sony Pictures Classics,"$12,487",-,"Aug 13, 2021",PG-13,1 hr 36 min,"['Documentary', 'Mystery']",147 days/21 weeks,217 theaters,"Andreas Koefoed

","
$445,740
","
$154,448
","
$600,188
"
2021 Oscar Nominated Short Films: Live Action,/release/rl3178267393/?ref_=bo_yld_table_158,Magnolia Pictures,"$81,113",-,"Apr 2, 2021",,2 hr 10 min,['Talk-Show'],274 days/39 weeks,184 theaters,"Travon Free

","
$443,050
","
–
","
$443,050
"
Flag Day,/release/rl3758850817/?ref_=bo_yld_table_159,United Artists Releasing,"$42,953",-,"Aug 20, 2021
            -
            Sep 30, 2021",R,1 hr 49 min,"['Crime', 'Drama']",134 days/19 weeks,196 theaters,"Sean Penn

","
$424,667
","
$876,757
","
$1,301,424
"
Willy's Wonderland,/release/rl879395585/?ref_=bo_yld_table_160,Screen Media Films,"$97,164",-,"Feb 12, 2021",,1 hr 28 min,"['Action', 'Comedy', 'Horror', 'Thriller']",323 days/46 weeks,171 theaters,"Kevin Lewis

","
$418,286
","
$38,858
","
$457,144
"
Top Gun,/release/rl3061285633/?ref_=bo_yld_table_161,Paramount Pictures,"$214,654",-,"May 14, 2021",,1 hr 49 min,"['Action', 'Drama']",232 days/33 weeks,153 theaters,"Tony Scott

","
$457,577
","
$32,442
","
$491,920
"
Dutch,/release/rl2573632257/?ref_=bo_yld_table_162,Faith Media Distribution,"$135,015",-,"Mar 12, 2021",R,1 hr 49 min,['Action'],295 days/42 weeks,202 theaters,"Preston A. Whitmore II

","
$404,371
","
–
","
$404,371
"
Ghostbusters,/release/rl1830322945/?ref_=bo_yld_table_163,Sony Pictures Classics,"$304,317","$30,000,000","Oct 29, 2021",,1 hr 45 min,"['Action', 'Comedy', 'Fantasy', 'Sci-Fi']",64 days/9 weeks,774 theaters,"Ivan Reitman

","
$391,718
","
–
","
$393,258
"
The Metropolitan Opera HD Live: Mussorgsky: Boris Godunov,/release/rl890733313/?ref_=bo_yld_table_164,Fathom Events,"$387,000",-,"Oct 8, 2021",,,['Musical'],85 days/12 weeks,791 theaters,"Gary Halvorson

","
$387,000
","
$187,167
","
$574,167
"
Crisis,/release/rl2808578817/?ref_=bo_yld_table_165,Quiver Distribution,"$190,649",-,"Feb 26, 2021",R,1 hr 58 min,"['Drama', 'Thriller']",309 days/44 weeks,216 theaters,"Nicholas Jarecki

","
$404,738
","
$694,688
","
$1,099,426
"
Red Rocket,/release/rl2098365185/?ref_=bo_yld_table_166,A24,"$88,195",-,"Dec 10, 2021",R,2 hr 10 min,"['Comedy', 'Drama']",387 days/55 weeks,385 theaters,"Sean Baker

","
$1,023,086
","
$1,292,918
","
$2,316,004
"
Julia,/release/rl2550956801/?ref_=bo_yld_table_167,Sony Pictures Classics,"$18,010",-,"Nov 12, 2021",PG-13,1 hr 35 min,"['Biography', 'Documentary']",415 days/59 weeks,288 theaters,"Julie Cohen

","
$399,811
","
$93,269
","
$493,080
"
Ghost in the Shell,/release/rl185434881/?ref_=bo_yld_table_168,Lionsgate,"$220,389",-,"Sep 17, 2021",,1 hr 23 min,"['Action', 'Animation', 'Crime', 'Drama', 'Mystery', 'Sci-Fi', 'Thriller']",106 days/15 weeks,124 theaters,"Mamoru Oshii

","
$373,169
","
–
","
$373,169
"
The Dry,/release/rl393052929/?ref_=bo_yld_table_169,IFC Films,"$119,364",-,"May 21, 2021",R,1 hr 57 min,"['Crime', 'Drama', 'Mystery', 'Thriller']",225 days/32 weeks,186 theaters,"Robert Connolly

","
$364,237
","
$15,212,049
","
$15,576,286
"
"Dad, I'm Sorry",/release/rl3950740225/?ref_=bo_yld_table_170,3388 Films,"$350,000",-,"May 28, 2021",,2 hr 8 min,"['Comedy', 'Drama', 'Family']",218 days/31 weeks,,"Tran Thanh

","
$350,000
","
$17,130,489
","
$17,480,489
"
The Battle at Lake Changjin,/release/rl673088257/?ref_=bo_yld_table_171,CMC Pictures,"$105,768",-,"Nov 19, 2021",,2 hr 56 min,"['Action', 'Drama', 'History', 'War']",408 days/58 weeks,20 theaters,"Kaige Chen

","
$342,411
","
$902,206,065
","
$902,548,476
"
The Emperor's New Groove,/release/rl3194585857/?ref_=bo_yld_table_172,Walt Disney Studios Motion Pictures,"$160,000","$100,000,000","Jan 15, 2021",,1 hr 18 min,"['Adventure', 'Animation', 'Comedy', 'Family', 'Fantasy']",351 days/50 weeks,744 theaters,"Mark Dindal

","
$334,000
","
$520
","
$373,682
"
Benedetta,/release/rl3825959681/?ref_=bo_yld_table_173,IFC Films,"$136,839",-,"Dec 3, 2021",,2 hr 11 min,"['Biography', 'Drama', 'Romance']",394 days/56 weeks,201 theaters,"Paul Verhoeven

","
$354,481
","
$3,910,872
","
$4,265,353
"
Freaky,/release/rl1699840769/?ref_=bo_yld_table_174,Universal Pictures,"$3,600,355",-,"Nov 13, 2020",R,1 hr 42 min,"['Comedy', 'Horror', 'Thriller']",414 days/59 weeks,"2,472 theaters","Christopher Landon

","
$9,030,855
","
$9,042,578
","
$18,073,433
"
Drive My Car,/release/rl404194049/?ref_=bo_yld_table_175,Janus Films,"$13,775",-,"Nov 24, 2021",,2 hr 59 min,['Drama'],403 days/57 weeks,213 theaters,"Ryûsuke Hamaguchi

","
$2,352,240
","
$13,005,099
","
$15,357,339
"
Final Account,/release/rl309035777/?ref_=bo_yld_table_176,Focus Features,"$139,985",-,"May 21, 2021",PG-13,1 hr 34 min,['Documentary'],225 days/32 weeks,308 theaters,"Luke Holland

","
$308,976
","
$44,101
","
$353,077
"
The Water Man,/release/rl3194913537/?ref_=bo_yld_table_177,RLJE Films,"$181,046",-,"May 7, 2021",PG,1 hr 31 min,"['Adventure', 'Drama', 'Family', 'Fantasy']",239 days/34 weeks,311 theaters,"David Oyelowo

","
$383,234
","
–
","
$383,234
"
New Order,/release/rl2742518529/?ref_=bo_yld_table_178,Neon,"$144,533",-,"May 21, 2021",R,1 hr 26 min,"['Crime', 'Drama', 'Sci-Fi', 'Thriller']",225 days/32 weeks,236 theaters,"Michel Franco

","
$303,556
","
$1,521,935
","
$1,825,491
"
India Sweets and Spices,/release/rl2333901569/?ref_=bo_yld_table_179,Bleecker Street Media,"$170,629",-,"Nov 19, 2021",PG-13,1 hr 41 min,['Comedy'],49 days/7 weeks,343 theaters,"Geeta Malik

","
$288,714
","
$42,614
","
$331,328
"
Blithe Spirit,/release/rl2874442497/?ref_=bo_yld_table_180,IFC Films,"$88,559",-,"Feb 19, 2021",PG-13,1 hr 39 min,"['Comedy', 'Fantasy', 'Romance']",316 days/45 weeks,239 theaters,"Edward Hall

","
$282,500
","
$682,332
","
$964,832
"
American Skin,/release/rl1785103105/?ref_=bo_yld_table_181,Vertical Entertainment,"$46,410",-,"Jan 15, 2021",R,1 hr 30 min,"['Drama', 'Thriller']",351 days/50 weeks,72 theaters,"Nate Parker

","
$282,332
","
–
","
$282,332
"
I'm Your Man,/release/rl638747393/?ref_=bo_yld_table_182,Bleecker Street Media,"$32,917",-,"Sep 24, 2021",R,1 hr 48 min,"['Comedy', 'Drama', 'Romance', 'Sci-Fi']",105 days/15 weeks,122 theaters,"Maria Schrader

","
$275,155
","
$815,506
","
$1,090,661
"
Escape from Mogadishu,/release/rl4144333569/?ref_=bo_yld_table_183,Well Go USA Entertainment,"$112,788",-,"Aug 6, 2021",,2 hr 1 min,"['Action', 'Drama', 'Thriller']",148 days/21 weeks,42 theaters,"Ryoo Seung-wan

","
$346,271
","
$29,556,445
","
$29,902,716
"
Raging Fire,/release/rl2114487041/?ref_=bo_yld_table_184,Well Go USA Entertainment,"$101,926",-,"Aug 13, 2021",,2 hr 6 min,"['Action', 'Adventure', 'Crime', 'Mystery', 'Thriller']",141 days/20 weeks,59 theaters,"Benny Chan

","
$385,305
","
$205,457,088
","
$205,842,393
"
A Mouthful of Air,/release/rl2081522433/?ref_=bo_yld_table_185,Stage 6 Films,"$130,701",-,"Oct 29, 2021",R,1 hr 45 min,['Drama'],70 days/10 weeks,816 theaters,"Amy Koppelman

","
$269,435
","
–
","
$269,435
"
Rita Moreno: Just a Girl Who Decided to Go for It,/release/rl3077669633/?ref_=bo_yld_table_186,Roadside Attractions,"$84,366",-,"Jun 18, 2021",PG-13,1 hr 30 min,"['Biography', 'Documentary']",197 days/28 weeks,227 theaters,"Mariem Pérez Riera

","
$264,626
","
–
","
$264,626
"
Weathering with You,/release/rl3669066241/?ref_=bo_yld_table_187,GKIDS,"$1,808,533",-,"Jan 15, 2020",PG-13,1 hr 52 min,"['Animation', 'Drama', 'Fantasy', 'Romance']",717 days/102 weeks,"1,020 theaters","Makoto Shinkai

","
$8,056,636
","
$184,399,986
","
$192,456,622
"
Once I Was Engaged,/release/rl1644593921/?ref_=bo_yld_table_188,Excel Entertainment,"$35,304",-,"Jul 21, 2021",,1 hr 47 min,['Comedy'],164 days/23 weeks,32 theaters,"Maclain Nelson

","
$254,775
","
–
","
$254,775
"
Supernova,/release/rl3512894209/?ref_=bo_yld_table_189,Bleecker Street Media,"$90,096",-,"Jan 29, 2021",R,1 hr 35 min,"['Drama', 'Romance']",337 days/48 weeks,330 theaters,"Harry Macqueen

","
$234,220
","
$3,181,567
","
$3,415,787
"
Becoming Cousteau,/release/rl1846182657/?ref_=bo_yld_table_190,Picturehouse,"$116,974",-,"Oct 22, 2021",PG-13,1 hr 34 min,"['Adventure', 'Biography', 'Documentary']",77 days/11 weeks,319 theaters,"Liz Garbus

","
$231,687
","
$50,947
","
$282,634
"
Half Brothers,/release/rl760382209/?ref_=bo_yld_table_191,Focus Features,"$700,160",-,"Dec 4, 2020",PG-13,1 hr 36 min,"['Comedy', 'Drama']",393 days/56 weeks,"1,386 theaters","Luke Greenfield

","
$2,241,980
","
$1,032,359
","
$3,274,339
"
Limbo,/release/rl1735361281/?ref_=bo_yld_table_192,Focus Features,"$84,710",-,"Apr 30, 2021",R,1 hr 44 min,"['Comedy', 'Drama']",246 days/35 weeks,213 theaters,"Ben Sharrock

","
$224,405
","
$697,489
","
$921,894
"
Promare,/release/rl3104540161/?ref_=bo_yld_table_193,GKIDS,"$109,085",-,"Sep 17, 2019",PG-13,1 hr 51 min,"['Action', 'Adventure', 'Animation', 'Comedy', 'Drama', 'Fantasy', 'Sci-Fi', 'Thriller']",837 days/119 weeks,701 theaters,"Hiroyuki Imaishi

","
$2,529,324
","
$7,153,740
","
$9,683,064
"
Together,/release/rl252543745/?ref_=bo_yld_table_194,Universal Pictures,"$100,066",-,"Aug 27, 2021",R,1 hr 32 min,"['Comedy', 'Drama', 'Romance']",127 days/18 weeks,250 theaters,"Stephen Daldry

","
$214,390
","
–
","
$214,390
"
The Swimming Pool,/release/rl2658632449/?ref_=bo_yld_table_195,Rialto Distribution,"$3,867",-,"May 14, 2021",,2 hr 2 min,"['Crime', 'Drama', 'Romance']",232 days/33 weeks,10 theaters,"Jacques Deray

","
$211,467
","
–
","
$211,467
"
Ailey,/release/rl2332459777/?ref_=bo_yld_table_196,Neon,"$15,091",-,"Jul 23, 2021",PG-13,1 hr 35 min,"['Biography', 'Documentary', 'History', 'Music']",162 days/23 weeks,88 theaters,"Jamila Wignot

","
$204,513
","
$9,815
","
$214,328
"
The Lady of Heaven,/release/rl2943123457/?ref_=bo_yld_table_197,Universal Pictures International (UPI),,-,"Dec 10, 2021",R,2 hr 21 min,"['Action', 'Drama', 'History']",387 days/55 weeks,59 theaters,"Eli King

","
$291,597
","
$224,278
","
$515,875
"
Groundhog Day,/release/rl3177939713/?ref_=bo_yld_table_198,Sony Pictures Classics,"$85,330",-,"Jan 29, 2021",PG,1 hr 41 min,"['Comedy', 'Drama', 'Fantasy', 'Romance']",343 days/49 weeks,845 theaters,"Harold Ramis

","
$200,989
","
–
","
$200,989
"
The Resort,/release/rl1316193025/?ref_=bo_yld_table_199,Vertical Entertainment,"$88,831",-,"Apr 30, 2021",,1 hr 16 min,['Horror'],246 days/35 weeks,114 theaters,"Taylor Chien

","
$191,996
","
$16,643
","
$208,639
"
Kaamelott: First Installment,/release/rl3691414273/?ref_=bo_yld_table_200,Paramount Pictures,"$188,000",-,"Jul 23, 2021",,2 hr,"['Adventure', 'Comedy', 'Fantasy']",162 days/23 weeks,26 theaters,"Alexandre Astier

","
$188,000
","
$21,791,122
","
$21,979,122
"
